,classification,mean,median,count
0,Extreme Fear,24.43540529931246,0.0,14981
1,Extreme Greed,99.89012318524668,0.091052,25296
2,Fear,34.40382248902866,0.0,41335
3,Greed,57.505062300954876,0.0,26705
4,Neutral,29.32905416997617,0.0,25180
