,classification,Fee,Size USD,Start Position,Leverage
0,Extreme Fear,1.1931280965161137,5744.147074961618,40317.59743297992,6763.7434947081465
1,Extreme Greed,0.634672364667141,2935.184013678052,58587.54732049992,9455.357950152127
2,Fear,1.4493877186892417,7898.280561025766,69279.26626137356,356522.52880788845
3,Greed,1.504579170263932,6830.827707919865,44040.69214271882,54986.6551168689
4,Neutral,1.0399893712829191,4978.663863780778,67935.90354800671,313189.6947640521
