,classification,sum,mean,count
0,Extreme Fear,86053067.33,5744.147074961618,14981
1,Extreme Greed,74248414.81,2935.184013678052,25296
2,Fear,326475426.99,7898.280561025766,41335
3,Greed,182417253.94,6830.827707919865,26705
4,Neutral,125362756.09,4978.663863780778,25180
